{"cameraMode":{"drawMode":0,"name":"Shaded","section":"Shading Mode"},"sceneLighting":false,"audioPlay":false,"sceneViewState":{"showFog":true,"showMaterialUpdate":false,"showSkybox":true,"showFlares":true,"showImageEffects":true,"showParticleSystems":true},"in2DMode":false,"pivot":{"x":-10.286981582641602,"y":-11.479412078857422,"z":71.20513916015625},"rotation":{"x":-0.2243417352437973,"y":-0.12907680869102479,"z":0.029992466792464258,"w":-0.9654586315155029},"size":122.31017303466797,"orthographic":false}